{
  "dti_fa_cv_median": 0.04186494267389254,
  "dti_fa_cv_p95": 0.10981486976202202,
  "dti_md_cv_median": 0.019928532925206438,
  "dti_md_cv_p95": 0.038100747994219704,
  "force_fa_cv_median": 0.052550727501511574,
  "ratio_fa_cv": 1.2552442244959185,
  "force_md_cv_median": 0.013302503153681755,
  "ratio_md_cv": 0.667510408465075
}